Kombinasi,Model,Imbalance,Accuracy,Precision,Recall,F1-Score,AUC-ROC,Training Time (s)
MLP_NoHandling,MLP,NoHandling,0.9758333333333333,0.956989247311828,0.8944723618090452,0.9246753246753247,0.9705621012153676,65.44566297531128
MLP_ClassWeight,MLP,ClassWeight,0.9683333333333334,0.900497512437811,0.9095477386934674,0.905,0.9694225372617333,72.09812188148499
TabNet_SMOTE_ENN,TabNet,SMOTE,0.9491666666666667,0.8053097345132744,0.914572864321608,0.8564705882352941,0.9584034056395865,141.63898086547852
TabNet_NoHandling,TabNet,NoHandling,0.9516666666666667,0.8472906403940886,0.864321608040201,0.8557213930348259,0.9401201813262114,89.52319312095642
TabNet_FocalLoss_SMOTE,TabNet,FocalLoss,0.9166666666666666,0.6853932584269663,0.9195979899497487,0.7854077253218884,0.9638125693402075,226.55233001708984
MLP_Deep_FocalLoss_SMOTE,MLP,Deep,0.31,0.19317073170731708,0.9949748743718593,0.3235294117647059,0.9093896053695049,116.79653072357178
